"unsafearea.address","unsafearea.total_crimes","unsafearea.rank","crime.latitude","crime.longitude"
"037XX W OHIO ST","257","6342","41.891757298","-87.719039208"
"013XX W FULTON ST","124","13572","41.886625743","-87.660317896"
"011XX N KOSTNER AVE","118","14104","41.900977393","-87.736101441"
"121XX S INDIANA AVE","398","3310","41.67402044","-87.617698052"
"007XX W LAKE ST","80","18412","41.885675573","-87.646761991"
"016XX W OGDEN AVE","345","4177","41.879551283","-87.668360502"
"083XX S ESSEX AVE","168","10237","41.743629571","-87.563679729"
"004XX N STATE ST","1298","232","41.890287564","-87.628018708"
"085XX W GREGORY ST","171","10058","41.980160099","-87.839691468"
"030XX W 60TH ST","128","13213","",""
"002XX W 109TH PL","294","5317","41.695245189","-87.629260335"
"018XX W 21ST ST","178","9636","41.85406206","-87.672056607"
"012XX N SPRINGFIELD AVE","565","1615","41.903874342","-87.723904279"
"079XX S DOBSON AVE","606","1400","41.750354371","-87.599095474"
"008XX N MICHIGAN AVE","6859","4","41.898767916","-87.624116333"
"033XX W HURON ST","394","3363","41.893697537","-87.709379324"
"077XX S EAST END AVE","397","3322","41.754270496","-87.583376058"
"036XX W FILLMORE ST","11","39641","41.868097353","-87.716659073"
"001XX E DELAWARE PL","795","774","41.899189017","-87.625650736"
"117XX S LOOMIS ST","175","9827","41.680290894","-87.656600445"
"070XX W ARCHER AVE","187","9163","41.792010022","-87.798302703"
"007XX S SACRAMENTO BLVD","208","8187","41.872460483","-87.700972207"
"018XX E 95TH ST","251","6538","41.722410409","-87.579801505"
"031XX W DEVON AVE","232","7204","41.997421019","-87.707421661"
"118XX S LAFLIN ST","81","18276","41.678699518","-87.658992858"
"090XX S DAUPHIN AVE","282","5648","41.730000924","-87.602708728"
"001XX S CICERO AVE","581","1537","41.878458449","-87.745204753"
"0000X E 104TH ST","178","9636","41.705372982","-87.621441074"
"051XX N KENMORE AVE","178","9636","41.975652642","-87.656395187"
"045XX W VAN BUREN ST","359","3940","41.875109863","-87.738163547"
"020XX W CULLOM AVE","65","20599","41.95961039","-87.680143378"
"002XX N CALIFORNIA AVE","328","4514","",""
"008XX N WOOD ST","176","9746","41.897079016","-87.672208049"
"027XX W 59TH ST","512","2047","41.786418766","-87.692941265"
"056XX S MAY ST","554","1693","41.791593447","-87.653593819"
"009XX N WOOD ST","323","4603","41.89805065","-87.672238432"
"075XX N PAULINA ST","293","5334","42.018498254","-87.672983233"
"0000X E HARRISON ST","274","5855","41.874418481","-87.625483451"
"0000X W HUBBARD ST","1674","108","41.890057206","-87.628491342"
"064XX S KENWOOD AVE","551","1719","41.778073904","-87.593016011"
"014XX W 83RD ST","288","5485","41.743118251","-87.660133067"
"012XX W RANDOLPH ST","248","6636","41.884335057","-87.658109159"
"030XX S KENNETH AVE","138","12319","41.837729169","-87.735306406"
"007XX N LOREL AVE","694","1071","41.893946946","-87.759298803"
"034XX W WALNUT ST","862","641","41.885456607","-87.712423144"
"045XX W MONTANA ST","126","13389","41.925320874","-87.740217937"
"006XX E 89TH PL","190","9026","41.732023819","-87.608829726"
"071XX S CHAMPLAIN AVE","477","2349","41.765171905","-87.609208347"
"054XX W HIGGINS AVE","111","14772","41.969220006","-87.763492122"
"035XX N MARSHFIELD AVE","61","21288","41.945886349","-87.670049883"
"019XX N ASHLAND AVE","52","22977","41.916773447","-87.667772148"
"062XX N WESTERN AVE","557","1680","41.994919627","-87.689792154"
"034XX W BERTEAU AVE","153","11239","41.957469866","-87.714820226"
"058XX S INDIANA AVE","367","3775","41.788476827","-87.620683729"
"115XX S ABERDEEN ST","171","10058","41.684197473","-87.649417041"
"014XX N LAWNDALE AVE","158","10877","41.906900511","-87.719132842"
"010XX E 100TH PL","133","12764","41.711871518","-87.599192975"
"043XX W ADAMS ST","677","1123","41.87787437","-87.734142794"
"062XX S DR MARTIN LUTHER KING JR DR","1956","70","41.781540907","-87.615656827"
"062XX W GRAND AVE","157","10943","41.921745052","-87.782051992"
"037XX N BELL AVE","91","17022","41.949172474","-87.684686947"
"0000X W 35TH ST","277","5782","41.831001351","-87.627224232"
"012XX W 32ND ST","68","20151","41.836086759","-87.656910207"
"024XX W JACKSON BLVD","535","1842","41.877529459","-87.68820629"
"077XX S CHAMPLAIN AVE","176","9746","41.754003651","-87.608938087"
"002XX S WACKER DR","1009","451","41.878630716","-87.636673298"
"078XX S PAULINA ST","636","1263","41.751447908","-87.665894977"
"068XX S ST LAWRENCE AVE","230","7275","41.770520718","-87.610544874"
"009XX W 77TH ST","220","7688","41.754220012","-87.648238066"
"111XX S MICHIGAN AVE","1410","179","41.692378887","-87.621046145"
"040XX W ARTHINGTON ST","473","2398","41.870016119","-87.726028701"
"078XX S DAMEN AVE","190","9026","41.751596998","-87.673175304"
"0000X W 103RD ST","442","2733","41.707160552","-87.623823775"
"023XX N CLARK ST","921","563","41.924706904","-87.63993142"
"034XX W 63RD ST","614","1362","41.778877155","-87.708840106"
"020XX S MICHIGAN AVE","1020","433","41.855190551","-87.623871195"
"010XX N DEARBORN ST","385","3497","41.900974199","-87.629903053"
"010XX W CORNELIA AVE","97","16255","41.945361825","-87.655884983"
"010XX W 109TH ST","62","21101","41.695920657","-87.648853466"
"012XX W RANDOLPH SD","1","54276","41.884350397","-87.656985264"
"103XX S MICHIGAN AVE","1146","311","41.706987456","-87.620244029"
"083XX S KINGSTON AVE","297","5236","41.743868433","-87.562467655"
"053XX N ELSTON AVE","181","9472","41.978526568","-87.75708711"
"037XX N PULASKI RD","128","13213","41.948415485","-87.727457669"
"038XX S WENTWORTH AVE","230","7275","41.824621398","-87.631330145"
"051XX W CONCORD PL","275","5832","41.910440254","-87.753919512"
"074XX N SEELEY AVE","267","6039","42.017214104","-87.681648127"
"077XX S KEDZIE AVE","393","3383","41.752996613","-87.702486995"
"042XX W ADAMS ST","793","780","41.877904683","-87.731542756"
"011XX S MASON AVE","535","1842","41.866662389","-87.772943298"
"015XX N SEDGWICK ST","546","1773","",""
"032XX N CENTRAL AVE","451","2621","41.939861026","-87.766543312"
"043XX W GLADYS AVE","803","754","41.87607905","-87.733505972"
"004XX N CLARK ST","586","1507","41.890265219","-87.631089305"
"010XX W MADISON ST","319","4700","",""
"057XX N MERRIMAC AVE","29","29213","41.985159782","-87.784054196"
"039XX W VAN BUREN ST","1215","266","41.875291694","-87.723650826"
"023XX W 23RD ST","154","11164","41.850234223","-87.68415324"
"120XX S PERRY AVE","450","2637","41.675745187","-87.624996177"
"008XX N ST LOUIS AVE","431","2850","41.896441593","-87.713907172"
"037XX W CHICAGO AVE","1809","91","41.895420644","-87.720539406"
"038XX W ADAMS ST","564","1623","41.878030398","-87.721575832"
"0000X W MADISON ST","489","2233","41.882014826","-87.628205173"
"024XX E 77TH ST","338","4311","41.75536643","-87.565654201"
"022XX S CALIFORNIA AVE","452","2611","41.850744647","-87.695416246"
"075XX S UNION AVE","701","1055","41.757243904","-87.641770033"
"026XX E 83RD ST","415","3080","41.744546219","-87.559601358"
"010XX N CLARK ST","644","1237","41.901073698","-87.63136393"
"003XX W 64TH ST","656","1188","41.778099133","-87.633828531"
"022XX W CHICAGO AVE","285","5552","41.895815719","-87.682611972"
"029XX N HAMLIN AVE","219","7730","41.934688259","-87.722159302"
"049XX W ADAMS ST","914","572","41.878561173","-87.748123058"
"045XX S WOODLAWN AVE","238","6981","41.81255052","-87.596892617"
"004XX W DIVERSEY PKWY","489","2233","",""
"058XX S MARSHFIELD AVE","71","19682","41.788362782","-87.665651548"
"004XX E 103RD ST","395","3348","41.707322531","-87.613245456"
"049XX S DAMEN AVE","241","6877","41.803914023","-87.6745751"
"102XX S VAN VLISSINGEN RD","82","18150","41.70918999","-87.568840721"
"080XX S HALSTED ST","590","1484","41.74808565","-87.643968122"
"057XX S WABASH AVE","588","1493","41.790420977","-87.623980798"
"021XX W 50TH ST","165","10421","41.803022253","-87.677954838"
"016XX N WASHTENAW AVE","236","7052","41.910698885","-87.694551457"
"100XX S LAFAYETTE AVE","190","9026","41.711747024","-87.624828137"
"062XX S WOOD ST","421","2992","41.780693231","-87.669093216"
"063XX S ARTESIAN AVE","892","603","41.778656405","-87.684846319"
"012XX N OAKLEY BLVD","53","22771","41.903738601","-87.684599678"
"031XX W WALNUT ST","518","2004","41.885413657","-87.705031022"
"066XX W 63RD ST","114","14463","41.777575376","-87.78787491"
"039XX S CALIFORNIA AVE","299","5186","41.821640022","-87.694622927"
"036XX N HALSTED ST","1287","238","41.948279589","-87.649516667"
"054XX W CONGRESS PKWY","361","3893","41.873875759","-87.760447774"
"056XX S HALSTED ST","291","5396","",""
"039XX N SHERIDAN RD","764","847","41.953885576","-87.65453007"
"045XX S HERMITAGE AVE","462","2516","41.811325368","-87.668692471"
"103XX S PEORIA ST","208","8187","41.706440114","-87.645251832"
"0000X E MONROE ST","1506","148","41.880775433","-87.627029031"
"097XX S WALLACE ST","147","11646","41.716977251","-87.638235094"
"071XX S HALSTED ST","1302","229","41.764449736","-87.64439412"
"001XX S CENTRAL PARK BLVD","114","14463","41.879086409","-87.715837383"
"001XX N LAPORTE AVE","1060","390","41.883436982","-87.749059068"
"035XX W BERTEAU AVE","60","21475","41.957452114","-87.71611086"
"022XX N CLARK ST","427","2918","41.922420841","-87.638548833"
"018XX S MILLARD AVE","286","5531","41.856092287","-87.716344941"
"030XX W ROOSEVELT RD","530","1893","41.866438916","-87.70234588"
"025XX W 50TH ST","127","13301","41.802931007","-87.687036948"
"047XX S LECLAIRE AVE","72","19537","41.806939504","-87.750473569"
"040XX W DICKENS AVE","123","13655","41.918986079","-87.727390746"
"080XX S SPAULDING AVE","103","15606","41.74725702","-87.704763883"
"053XX S ABERDEEN ST","323","4603","41.79692471","-87.652517966"
"0000X W ILLINOIS ST","625","1314","41.890824651","-87.630128275"
"001XX N STATE ST","9528","2","41.885347387","-87.627929824"
"0000X W ILLINOIS ST","625","1314","41.890824651","-87.630128275"
"050XX W CHICAGO AVE","840","684","41.894961752","-87.751010889"
"035XX W GRENSHAW ST","537","1838","41.867264692","-87.713895199"
"017XX N CLARK ST","464","2484","41.914055338","-87.633396724"
"064XX N MAPLEWOOD AVE","216","7852","41.998176088","-87.693559621"
"072XX S OAKLEY AVE","212","8011","41.762435679","-87.680629549"
"010XX N RUSH ST","1120","337","41.900993132","-87.627621735"
"008XX N CENTRAL PARK AVE","481","2307","41.89608419","-87.716334812"
"0000X E 102ND PL","523","1958","41.70809791","-87.621854148"
"005XX W ROOSEVELT RD","1296","233","41.867251542","-87.639594427"
"020XX W 21ST ST","254","6441","41.853996428","-87.676880448"
"022XX W 21ST ST","383","3521","41.853906334","-87.681781611"
"0000X W 112TH ST","370","3730","41.690757992","-87.624315259"
"059XX S KILDARE AVE","120","13912","",""
"042XX W DICKENS AVE","82","18150","41.918922509","-87.73200262"
"117XX S WALLACE ST","297","5236","41.68108608","-87.637190135"
"033XX S ARCHER AVE","157","10943","41.833170591","-87.673115656"
"005XX S STATE ST","1067","374","41.875367424","-87.627620993"
"083XX S BURLEY AVE","360","3914","41.743816176","-87.545458584"
"040XX S ROCKWELL ST","219","7730","41.820586014","-87.689669664"
"057XX S MARSHFIELD AVE","425","2944","41.789619867","-87.665686173"
"043XX S BERKELEY AVE","244","6773","41.81590861","-87.600614272"
"056XX S KEDZIE AVE","202","8439","41.791243922","-87.703490919"
"029XX N AVONDALE AVE","23","31834","",""
"104XX S WALLACE ST","220","7688","41.704370559","-87.637902149"
"055XX W HOMER ST","108","15099","41.915055232","-87.76417995"
"060XX S PEORIA ST","307","4992","41.783883131","-87.647321058"
"056XX N MOODY AVE","46","24229","41.983691101","-87.781654021"
"014XX W 63RD ST","526","1934","41.779520772","-87.660962362"
"039XX W FULLERTON AVE","789","791","41.924491602","-87.725945966"
"0000X W 69TH ST","1601","123","41.769185486","-87.625732415"
"046XX W NORTH AVE","2622","26","41.909664252","-87.742728815"
"059XX W WRIGHTWOOD AVE","71","19682","41.927495647","-87.774965213"
"067XX S BISHOP ST","334","4411","41.771454493","-87.660357419"
"128XX S LOWE AVE","160","10754","41.661113422","-87.637752956"
"018XX S MICHIGAN AVE","399","3297","41.85744665","-87.623923346"
"038XX N CLARK ST","290","5425","41.951522002","-87.659984876"
"005XX N TRUMBULL AVE","301","5130","41.890964831","-87.712520383"
"021XX N WESTERN AVE","334","4411","",""
"033XX W 63RD PL","160","10754","41.777991517","-87.706461962"
"076XX S WINCHESTER AVE","131","12927","41.754773903","-87.672046934"
"014XX W WEBSTER AVE","920","565","41.921606937","-87.665565006"
"0000X E WASHINGTON ST","1084","366","41.883222953","-87.625635993"
"004XX W 115TH ST","420","3005","41.685184204","-87.63416226"
"121XX S MICHIGAN AVE","293","5334","41.674116785","-87.620394665"
"065XX S WOLCOTT AVE","411","3125","41.774764989","-87.671372364"
"0000X E GARFIELD BLVD","997","462","41.794672085","-87.623570871"
"012XX N LARAMIE AVE","278","5757","41.902474874","-87.755780468"
"053XX W FULLERTON AVE","327","4528","41.924053337","-87.760271035"
"052XX W FULLERTON AVE","396","3334","41.924102822","-87.756452662"
"031XX S ASHLAND AVE","1838","89","41.836385231","-87.66571041"
"014XX S MICHIGAN AVE","469","2429","41.863457443","-87.624066159"
"109XX S PERRY AVE","88","17380","41.695971873","-87.625594478"
"012XX W 119TH ST","146","11731","41.677661758","-87.652872258"
"052XX W MADISON ST","1954","71","41.880362084","-87.755847438"
"046XX S HALSTED ST","1033","416","41.809860998","-87.645565723"
"013XX W 35TH ST","50","23394","41.830595601","-87.657863321"
"020XX W BIRCHWOOD AVE","503","2114","",""
"008XX W 98TH PL","9","41657","41.715103783","-87.643394021"
"048XX S TRIPP AVE","110","14877","41.805248401","-87.729630013"
"079XX S RIDGELAND AVE","464","2484","41.75108144","-87.581668774"
"002XX E 75TH ST","164","10486","41.758329048","-87.619522001"
"053XX S DREXEL AVE","246","6705","41.79839359","-87.603898124"
"0000X N LAMON AVE","419","3021","41.881185539","-87.747753929"
"077XX S HOYNE AVE","151","11380","41.753293471","-87.675653686"
"082XX S GREEN ST","365","3820","41.744368256","-87.645074213"
"005XX E 79TH ST","592","1474","41.751164599","-87.612198632"
"020XX W FARGO AVE","269","5988","42.016479095","-87.682207621"
"001XX N STATE ST","9528","2","41.883500187","-87.627876698"
"006XX S CICERO AVE","537","1838","41.872817885","-87.74498476"
"057XX S WENTWORTH AVE","201","8481","41.789403671","-87.630365095"
"064XX N RIDGE BLVD","420","3005","41.998568957","-87.677111021"
"067XX S MAY ST","475","2373","41.771430805","-87.653073555"
"017XX N LAWNDALE AVE","155","11079","",""
"046XX W IRVING PARK RD","1204","275","41.95347181","-87.743552438"
"024XX N CENTRAL AVE","390","3426","41.924435828","-87.766007399"
"035XX W 18TH ST","52","22977","41.857163878","-87.713533834"
"077XX S HERMITAGE AVE","210","8111","41.753436622","-87.667157076"
"014XX W ROSCOE ST","120","13912","41.943390733","-87.665595047"
"007XX N CENTRAL AVE","1245","252","41.893408918","-87.765338129"
"075XX S EXCHANGE AVE","466","2463","41.759012808","-87.560215615"
"001XX N STATE ST","9528","2","41.883500187","-87.627876698"
"001XX N STATE ST","9528","2","41.883500187","-87.627876698"
"083XX S STEWART AVE","979","483","41.742710224","-87.634088181"
"045XX W NORTH AVE","891","606","41.90971226","-87.73926766"
"084XX S DAMEN AVE","90","17134","41.740146119","-87.672893212"
"132XX S COMMERCIAL AVE","59","21635","41.654629129","-87.550780218"
"0000X N STATE ST","6684","5","41.882394062","-87.627844798"
"048XX S KEATING AVE","134","12672","41.804818046","-87.741858809"
"011XX N WESTERN AVE","1560","138","41.901422196","-87.686985067"
"101XX S YATES AVE","186","9216","41.711052213","-87.56455191"
"023XX S HALSTED ST","57","22002","41.849636372","-87.646475829"
"067XX S CLAREMONT AVE","451","2621","41.771431667","-87.682111024"
"023XX S LAWNDALE AVE","264","6119","41.849099884","-87.71736275"
"031XX W FARGO AVE","32","28111","42.01643344","-87.707548058"
"008XX N MICHIGAN AVE","6859","4","41.897895128","-87.624096605"
"081XX S DANTE AVE","162","10614","41.746825754","-87.589369847"
"012XX N MENARD AVE","189","9071","41.902858242","-87.770536741"
"051XX W CONCORD PL","275","5832","41.910440254","-87.753919512"
"014XX N KARLOV AVE","174","9887","41.907786605","-87.728903688"
"066XX N OLIPHANT AVE","99","16017","42.001005529","-87.817945417"
"030XX S KILDARE AVE","176","9746","",""
"080XX S ALBANY AVE","94","16638","41.747150614","-87.699880133"
"046XX W WRIGHTWOOD AVE","149","11512","41.928244504","-87.742546439"
"060XX S FAIRFIELD AVE","328","4514","41.783607769","-87.692298253"
"092XX S COMMERCIAL AVE","712","997","41.727872617","-87.551207132"
"049XX W NORTH AVE","1441","165","41.909567137","-87.750576916"
"039XX W GLADYS AVE","820","720","41.876198401","-87.723858849"
"052XX W MADISON ST","1954","71","41.880362084","-87.755847438"
"061XX S KENWOOD AVE","605","1407","41.783522021","-87.593125671"
"035XX W FLOURNOY ST","541","1808","41.872682238","-87.71396773"
"030XX W CORTLAND ST","146","11731","41.915602463","-87.703427017"
"011XX N MASSASOIT AVE","253","6474","41.900909023","-87.769253513"
"107XX S LOWE AVE","102","15717","41.698855265","-87.638942924"
"0000X N KEDZIE AVE","461","2526","41.882137696","-87.706157436"
"091XX S ADA ST","238","6981","41.728045897","-87.656762577"
"018XX W ARGYLE ST","17","35161","",""
"015XX S SPAULDING AVE","628","1297","41.860432136","-87.707937086"
"018XX S INDIANA AVE","160","10754","41.857582212","-87.622325051"
"027XX N SOUTHPORT AVE","103","15606","41.931194044","-87.663943561"
"003XX S CICERO AVE","1614","120","41.875548946","-87.745088227"
"060XX S WASHTENAW AVE","358","3956","41.783944029","-87.691084926"
"0000X N LARAMIE AVE","558","1672","41.881917163","-87.755121029"
"032XX N MONTICELLO AVE","199","8584","41.940026243","-87.718649656"
"083XX S BURLEY AVE","360","3914","41.743777759","-87.545459054"
"091XX S MARQUETTE AVE","97","16255","41.728956971","-87.55814356"
"008XX W 103RD ST","343","4217","41.70691318","-87.643137352"
"039XX W FULLERTON AVE","789","791","41.924491602","-87.725945966"
"033XX W POTOMAC AVE","708","1019","41.904624874","-87.710349275"
"030XX W FOSTER AVE","30","28844","41.975773347","-87.705147628"
"049XX W HUBBARD ST","1123","335","41.888658818","-87.748967416"
"008XX N MICHIGAN AVE","6859","4","41.897895128","-87.624096605"
"059XX W ERIE ST","244","6773","41.891895815","-87.773512438"
"022XX S AVERS AVE","172","9999","41.850977613","-87.721077561"
"082XX S ANTHONY AVE","115","14361","41.745322297","-87.580167594"
"023XX N MILWAUKEE AVE","681","1109","41.923496895","-87.698315197"
"083XX S STONY ISLAND AVE","480","2315","41.743978654","-87.585371967"
"012XX S WABASH AVE","3168","14","41.866810739","-87.625817031"
"100XX W OHARE ST","14393","1","41.976290414","-87.905227221"
"020XX S WESTERN AVE","151","11380","41.854529505","-87.685702859"
"127XX S MORGAN ST","135","12593","41.662591741","-87.646275132"
"049XX W NORTH AVE","1441","165","41.909567137","-87.750576916"
"033XX W CULLOM AVE","132","12840","41.959338282","-87.711699074"
"044XX S PRAIRIE AVE","486","2263","41.813915801","-87.619719493"
"071XX S RIDGELAND AVE","620","1337","41.764766614","-87.582410772"
"077XX S SAGINAW AVE","431","2850","41.754617522","-87.559967842"
"063XX S DR MARTIN LUTHER KING JR DR","4442","7","41.779276522","-87.615601416"
"005XX N CENTRAL AVE","956","516","",""
"066XX S GREENWOOD AVE","460","2538","41.774121147","-87.599707985"
"040XX W FOSTER AVE","439","2761","41.97551745","-87.729569215"
"053XX S LAFLIN ST","656","1188","41.796992847","-87.662232032"
"060XX S HONORE ST","338","4311","41.784397344","-87.670400636"
"064XX S KNOX AVE","108","15099","41.776049027","-87.738552383"
"101XX S PROSPECT AVE","96","16373","41.70934024","-87.662316775"
"051XX N KENMORE AVE","178","9636","41.975594996","-87.65639212"
"023XX W NORTH AVE","418","3033","41.910344161","-87.685605555"
"016XX N BELL AVE","196","8733","41.910985857","-87.683582118"
"032XX N CICERO AVE","958","515","41.939314951","-87.746876909"
"053XX S KEDZIE AVE","581","1537","41.796939201","-87.703651531"
"0000X W 71ST ST","539","1822","41.765444001","-87.626906181"
"080XX S STEWART AVE","351","4073","41.748301279","-87.634236391"
"002XX S CENTRAL AVE","281","5680","41.877190249","-87.764751052"
"042XX W MADISON ST","1856","86","41.880658831","-87.731336981"
"008XX S STATE ST","688","1087","41.871461723","-87.627517093"
"039XX W MADISON ST","1904","78","41.88074522","-87.724300365"
"067XX S GREEN ST","418","3033","41.771628951","-87.645790993"
"016XX N LARAMIE AVE","301","5130","41.909826336","-87.755710531"
"109XX S DOTY AVE E","227","7414","41.695908161","-87.595822806"
"023XX W GARFIELD BLVD","301","5130","41.793468027","-87.681572634"
"056XX S PAULINA ST","428","2893","41.791652523","-87.666955877"
"066XX S PERRY AVE","221","7654","41.773600901","-87.628385732"
"022XX N STOCKTON DR","351","4073","41.922450447","-87.635737508"
"0000X W ADAMS ST","263","6148","41.87942917","-87.62990071"
"035XX S LEAVITT ST","287","5511","41.829580097","-87.680142381"
"040XX W 26TH ST","963","505","41.844243782","-87.725321944"
"073XX W FOSTER AVE","363","3857","41.97443857","-87.81119077"
"023XX N CLARK ST","921","563","41.924745454","-87.63995305"
"044XX S PRAIRIE AVE","486","2263","41.814028331","-87.619721913"
"023XX W ADAMS ST","270","5961","41.878610544","-87.684769434"
"048XX W HUTCHINSON ST","249","6603","41.957974159","-87.748202221"
"008XX N LATROBE AVE","393","3383","41.89554551","-87.756841955"
"088XX S COTTAGE GROVE AVE","504","2107","41.73440216","-87.604769183"
"113XX S CHURCH ST","272","5910","41.688199161","-87.667248418"
"071XX S PEORIA ST","301","5130","41.764579535","-87.646822954"
"004XX E BOWEN AVE","396","3334","41.819347317","-87.615851173"
"009XX N HARDING AVE","656","1188","41.897869923","-87.724934746"
"054XX S PRAIRIE AVE","389","3438","41.795652442","-87.619247355"
"009XX W PERSHING RD","262","6178","",""
"016XX S LAWNDALE AVE","509","2071","41.858489603","-87.71766176"
"108XX S MICHIGAN AVE","549","1745","41.697624892","-87.620860102"
"048XX S DREXEL BLVD","1098","354","41.807067906","-87.603843747"
"048XX W IRVING PARK RD","628","1297","41.953403981","-87.747994035"
"056XX W ROOSEVELT RD","349","4110","41.865571921","-87.766032483"
"020XX W 53RD PL","55","22405","41.796644068","-87.675951455"
"004XX N MICHIGAN AVE","926","553","41.890455604","-87.6241128"
"051XX S PULASKI RD","2278","46","41.799520795","-87.723342683"
"025XX W HADDON AVE","217","7805","41.902057187","-87.690108357"
"063XX S DR MARTIN LUTHER KING JR DR","4442","7","41.779276522","-87.615601416"
"063XX S DR MARTIN LUTHER KING JR DR","4442","7","41.779120086","-87.615599494"
"067XX N OLIPHANT AVE","65","20599","42.00396059","-87.814801594"
"0000X N STATE ST","6684","5","41.88233367","-87.627841791"
"038XX W FULLERTON AVE","402","3246","",""
"001XX W 79TH ST","742","902","41.75089655","-87.627813307"
"081XX S STEWART AVE","105","15407","41.746239973","-87.634181801"
"048XX N WESTERN AVE","309","4947","41.969970127","-87.688947525"
"006XX W DIVERSEY PKWY","714","989","41.932778447","-87.645996134"
"095XX S LAFAYETTE AVE","194","8827","41.720977557","-87.625052757"
"039XX W OGDEN AVE","611","1376","41.851393305","-87.723903515"
"014XX S TRUMBULL AVE","463","2499","41.861975288","-87.711637158"
"051XX S PULASKI RD","2278","46","41.800464977","-87.723370404"
"002XX S MICHIGAN AVE","833","696","41.879235852","-87.624347038"
"081XX S EVANS AVE","366","3797","41.747151137","-87.606332713"
"008XX W ARMITAGE AVE","316","4777","41.918152384","-87.650242571"
"004XX S KILBOURN AVE","249","6603","41.874632789","-87.737716343"
"038XX W DIVISION ST","914","572","41.902698437","-87.723129356"
"010XX W FULLERTON AVE","130","13024","41.925349425","-87.655156022"
"076XX N MARSHFIELD AVE","490","2225","42.019973942","-87.671911768"
"014XX S TRUMBULL AVE","463","2499","41.862041146","-87.71163652"
"118XX S UNION AVE","284","5580","41.679042016","-87.639536668"
"078XX S SAGINAW AVE","402","3246","41.753138169","-87.559941623"
"016XX W 76TH ST","76","18960","41.755804392","-87.664226249"
"0000X N MICHIGAN AVE","1071","372","41.882424852","-87.624377884"
"001XX N STATE ST","9528","2","41.884650262","-87.627915459"
"023XX N KIMBALL AVE","161","10688","41.924085415","-87.712089167"
"040XX E 134TH ST","548","1757","41.651431329","-87.527258234"
"045XX W WASHINGTON BLVD","959","514","41.881891126","-87.73873591"
"093XX S COMMERCIAL AVE","107","15197","41.726058329","-87.551163198"
"002XX S LOTUS AVE","518","2004","41.878017787","-87.761740038"
"021XX N ELSTON AVE","594","1465","41.92046017","-87.67083136"
"012XX E 95TH ST","138","12319","41.722192937","-87.594489325"
"119XX S EMERALD AVE","429","2876","41.677196508","-87.640683932"
"007XX N RUSH ST","419","3021","41.895996468","-87.625487641"
"066XX S DREXEL AVE","692","1080","41.774344746","-87.603360484"
"0000X E OHIO ST","1125","332","41.892509386","-87.626069718"
"013XX W LELAND AVE","169","10183","41.967146604","-87.663111354"
"099XX S VINCENNES AVE","355","4005","41.713353279","-87.653587393"
"007XX N CHRISTIANA AVE","988","470","41.894426386","-87.710183945"
"015XX N SHEFFIELD AVE","189","9071","41.91007391","-87.653106106"
"070XX S PULASKI RD","1380","194","41.764635744","-87.7223903"
"001XX N STETSON AVE","76","18960","41.885274208","-87.622293521"
"061XX S KIMBARK AVE","614","1362","41.783186413","-87.594706146"
"015XX W 94TH ST","121","13827","41.723043634","-87.662016704"
"071XX S PARNELL AVE","488","2239","41.764638085","-87.638303716"
"0000X N MICHIGAN AVE","1071","372","41.882413876","-87.624378005"
"046XX N WINCHESTER AVE","107","15197","41.965888447","-87.677615652"
"053XX W PATTERSON AVE","62","21101","41.946874809","-87.760371798"
"001XX N STATE ST","9528","2","41.883500187","-87.627876698"
"091XX S COMMERCIAL AVE","1384","190","41.729618252","-87.551244573"
"064XX W NORTH AVE","152","11306","41.909131404","-87.786403729"
"010XX W 64TH ST","192","8935","",""
"004XX S STATE ST","1752","97","41.876607964","-87.627644063"
"008XX N LAVERGNE AVE","321","4650","41.895231929","-87.750714598"
"071XX S RIDGELAND AVE","620","1337","41.765806885","-87.582438963"
"070XX S PRAIRIE AVE","206","8271","41.766920643","-87.618510364"
"044XX W MONROE ST","1415","177","41.879632018","-87.736505875"
"039XX N CICERO AVE","329","4491","41.952184675","-87.74728465"
"014XX S KOLIN AVE","263","6148","41.861400499","-87.733595454"
"064XX N MOZART ST","172","9999","41.998032804","-87.700881999"
"130XX S EVANS AVE","611","1376","41.657648378","-87.603406328"
"067XX S WINCHESTER AVE","316","4777","41.771357512","-87.672488834"
"013XX S CALIFORNIA BLVD","375","3638","41.863694337","-87.695827199"
"031XX W MADISON ST","1744","99","41.88099198","-87.704402338"
"030XX N LINDER AVE","143","11950","41.935471089","-87.763935987"
"002XX E ERIE ST","345","4177","41.894173733","-87.621401474"
"043XX W NORTH AVE","487","2251","41.909770708","-87.735196552"
"008XX S STATE ST","688","1087","41.871162553","-87.627509369"
"049XX W DRUMMOND PL","169","10183","41.928764316","-87.750288303"
"013XX W 109TH ST","188","9105","41.695843322","-87.65525108"
"038XX W ROOSEVELT RD","2711","23","41.866215343","-87.721894077"
"003XX W 103RD ST","204","8353","41.707062135","-87.631482564"
"055XX W WASHINGTON BLVD","1529","144","41.882256798","-87.763777064"
"0000X E 8th St","2","51750","41.871811902","-87.627340674"
"027XX N HOYNE AVE","868","634","41.931213989","-87.678827189"
"078XX S DR MARTIN LUTHER KING JR DR","372","3695","",""
"017XX W 85TH ST","141","12088","41.739391417","-87.666239679"
"036XX W 54TH ST","68","20151","41.795170922","-87.715095964"
"060XX S WASHTENAW AVE","358","3956","41.784130671","-87.691090396"
"036XX W 107TH PL","5","46507","41.697242838","-87.712537855"
"031XX W BELMONT AVE","119","14022","41.93935097","-87.705428046"
"005XX W FULLERTON PKWY","187","9163","41.925543757","-87.643097293"
"104XX S COTTAGE GROVE AVE","118","14104","41.704282341","-87.607222327"
"009XX E HYDE PARK BLVD","163","10548","41.802296431","-87.603109329"
"032XX N KENNETH AVE","135","12593","41.939531427","-87.738281596"
"075XX S PEORIA ST","472","2406","41.757237422","-87.646637323"
"0000X W 111TH ST","882","614","41.692569761","-87.624397882"
"013XX W 72ND PL","245","6738","41.762270889","-87.657817993"
"077XX S KINGSTON AVE","1190","285","41.754786521","-87.562655871"
"055XX W HARRISON ST","201","8481","41.872850011","-87.762773766"
"036XX W OGDEN AVE","271","5938","41.854206133","-87.715676664"
"019XX W GARFIELD BLVD","728","946","41.793557173","-87.673632358"
"053XX S DR MARTIN LUTHER KING JR DR","548","1757","41.797490407","-87.616051012"
"026XX W DIVISION ST","758","863","41.902958085","-87.693195993"
"034XX W 76TH ST","37","26565","41.755448003","-87.709151576"
"055XX W BARRY AVE","87","17506","41.936773203","-87.764762383"
"057XX S CARPENTER ST","316","4777","41.78960286","-87.65111401"
"002XX N LECLAIRE AVE","376","3625","",""
"016XX S SPRINGFIELD AVE","316","4777","41.858328523","-87.722442751"
"017XX W 76TH ST","123","13655","41.755779843","-87.666612415"
"006XX N ST LOUIS AVE","749","882","41.892802107","-87.713791753"
"005XX N AVERS AVE","459","2546","41.890451843","-87.722276336"
"003XX S DAMEN AVE","191","8978","41.877161446","-87.676536946"
"003XX S KILBOURN AVE","500","2129","41.875733447","-87.73775753"
"002XX S MICHIGAN AVE","833","696","41.879235852","-87.624347038"
"014XX W 69TH ST","437","2786","41.768614608","-87.659499996"
"032XX W DEVON AVE","58","21823","41.997383899","-87.709677147"
"009XX N RIDGEWAY AVE","483","2286","41.898096474","-87.720062031"
"0000X E ROOSEVELT RD","1706","104","41.867430279","-87.626155308"
"001XX S HOMAN AVE","265","6092","41.879158814","-87.710949201"
"081XX W HIGGINS RD","193","8881","41.985421498","-87.829756604"
"077XX S DAMEN AVE","247","6669","41.752881531","-87.673209785"
"001XX E BALBO DR","34","27438","41.873167767","-87.623811946"
"0000X E 68TH ST","238","6981","41.771020794","-87.622519283"
"009XX E 61ST ST","213","7972","41.784102477","-87.60191517"
"027XX W 63RD ST","450","2637","41.7791416","-87.691591137"
"057XX S CICERO AVE","3017","16","41.788492935","-87.7414552"
"016XX S KARLOV AVE","403","3227","41.858091203","-87.727374941"
"030XX W 26TH ST","359","3940","41.844580682","-87.701808336"
"050XX S KEELER AVE","105","15407","41.801978507","-87.728311019"
"047XX S FORRESTVILLE AVE","346","4161","41.808951235","-87.612658638"
"072XX S MORGAN ST","511","2058","41.762818188","-87.649205908"
"004XX S PULASKI RD","1003","457","41.874974798","-87.725475051"
"034XX N DAMEN AVE","91","17022","41.944417226","-87.678486323"
"028XX W FULLERTON AVE","274","5855","41.924793091","-87.69897848"
"075XX S STONY ISLAND AVE","2611","27","41.757614433","-87.586115266"
"013XX N MAPLEWOOD AVE","259","6279","41.905263458","-87.69077782"
"070XX N CLARK ST","1266","248","42.009676751","-87.674119469"
"076XX S COLES AVE","1218","265","41.757840818","-87.556527929"
"010XX N HARDING AVE","805","749","41.899900967","-87.724992604"
"003XX N HALSTED ST","449","2643","41.88705768","-87.647514742"
"037XX W SUNNYSIDE AVE","151","11380","41.962843817","-87.721625565"
"0000X E OHIO ST","1125","332","41.8924816","-87.627351831"
"062XX W FULLERTON AVE","179","9580","41.923727646","-87.782314195"
"069XX S ASHLAND AVE","1286","241","41.767726292","-87.663867778"
"095XX S PERRY AVE","288","5485","41.720734992","-87.626216592"
"001XX N PINE AVE","1492","151","",""
"051XX S WENTWORTH AVE","857","651","41.80171934","-87.630703621"
"077XX W RASCHER AVE","20","33429","41.97873838","-87.820239721"
"063XX S ELIZABETH ST","408","3169","41.778768071","-87.655694415"
"022XX N CLYBOURN AVE","520","1987","41.923141058","-87.666526442"
"077XX S HOMAN AVE","160","10754","41.752773552","-87.707363398"
"028XX W SUMMERDALE AVE","61","21288","41.978554116","-87.69981699"
"0000X W 79TH ST","2222","49","41.750940757","-87.625185222"
"039XX W VAN BUREN ST","1215","266","41.875291694","-87.723650826"
"113XX S MICHIGAN AVE","781","816","41.687811905","-87.620979368"
"008XX N CHRISTIANA AVE","166","10359","",""
"051XX W BLOOMINGDALE AVE","219","7730","41.913179858","-87.754089457"
"002XX S CICERO AVE","614","1362","41.87736877","-87.745163337"
"023XX E 83RD ST","141","12088","41.744434016","-87.568254211"
"045XX S ROCKWELL ST","271","5938","41.811522988","-87.689415598"
